id,patient_name,drug_name,gender,cost
1,Irma Ellison,avil,female,872
2,Hilary Bush,avil,male,999
3,Ahmed Mejia,paracetamol,female,654
4,Grace Boone,metacin,female,918
5,Hayes Ortiz,paracetamol,male,734
6,Lani Matthews,paracetamol,female,836
7,Cathleen Stewart,paracetamol,male,178
8,Jonas Boone,metacin,female,649
9,Desiree Pearson,avil,male,439
10,Britanney Sullivan,metacin,female,659
11,Cedric Shaffer,paracetamol,female,632
12,Hedwig Velez,paracetamol,female,579
13,Ulric Dominguez,metacin,female,760
14,Chandler Robles,metacin,male,655
15,Noelle Beasley,paracetamol,male,165
16,Barry Hubbard,metacin,male,910
17,Naida Benton,paracetamol,female,783
18,Aurora Carpenter,avil,female,625
19,Beau Kinney,avil,female,834
20,Ian Hicks,paracetamol,female,597
21,Carissa Edwards,paracetamol,female,525
22,Stephen Ward,metacin,female,510
23,Elmo Young,paracetamol,female,368
24,Malcolm Hendrix,paracetamol,female,519
25,Celeste Valencia,metacin,female,949
26,Callum Jacobs,avil,female,447
27,Ray Craig,paracetamol,female,532
28,Dolan Rutledge,paracetamol,male,742
29,Kato Mcneil,metacin,female,668
30,Germane Lott,metacin,female,292
31,Kasper Hanson,metacin,female,207
32,Demetria Suarez,avil,female,839
33,Kamal Woodward,metacin,female,663
34,Ariel Rosario,paracetamol,female,408
35,Alma Gentry,avil,male,803
36,Vanna Dodson,metacin,male,669
37,Carson Wilkerson,avil,female,458
38,Price Ball,metacin,female,718
39,Sybill Callahan,metacin,male,118
40,Lacota Reid,paracetamol,male,185
41,Marshall Armstrong,paracetamol,female,556
42,Oliver Finley,avil,male,567
43,Abel Robinson,metacin,male,561
44,Richard Petersen,metacin,male,412
45,Maisie Mccall,paracetamol,male,932
46,Donovan Farley,avil,female,510
47,Kamal Weiss,paracetamol,male,528
48,Frances Best,metacin,female,172
49,Jaquelyn Stanton,paracetamol,male,488
50,Jason Mosley,paracetamol,male,598
51,Ruby Rios,metacin,male,519
52,Blaze Galloway,paracetamol,male,410
53,Carson Gross,avil,female,276
54,Caesar Elliott,paracetamol,male,390
55,Steel Blanchard,metacin,male,580
56,Alika Johnson,avil,male,998
57,Justin Gamble,paracetamol,male,442
58,Xandra Nicholson,avil,female,216
59,Curran Prince,paracetamol,male,792
60,Alexis Glover,paracetamol,male,117
61,Myles Malone,avil,female,506
62,Slade Mckinney,metacin,female,439
63,Fulton Berg,avil,female,107
64,Madaline Santana,paracetamol,male,730
65,Melanie Pace,metacin,female,824
66,Gareth Roman,avil,male,204
67,Marah Payne,metacin,male,477
68,Bell Burt,metacin,male,471
69,Yoshio Hebert,metacin,male,262
70,Nolan Beard,metacin,male,124
71,Ralph Lang,paracetamol,male,138
72,Gay Whitney,paracetamol,female,675
73,Mariko Huff,avil,female,159
74,Clio Combs,avil,female,472
75,Garth Lester,avil,male,520
76,Demetrius Morris,avil,female,912
77,Cecilia Hoffman,avil,female,186
78,Curran Gutierrez,metacin,male,775
79,Barry Velez,paracetamol,male,363
80,Lev Hodges,metacin,male,772
81,Lester Henry,avil,male,506
82,Tucker Cain,paracetamol,female,676
83,Candace Hopkins,paracetamol,male,820
84,Jackson Middleton,metacin,female,417
85,Amy Serrano,paracetamol,female,785
86,August Fox,avil,male,769
87,Dieter Parrish,metacin,male,223
88,Justin Travis,metacin,male,161
89,Brendan Ryan,paracetamol,male,178
90,Sawyer Thompson,paracetamol,female,828
91,Mira Estrada,avil,female,419
92,Ralph Hawkins,metacin,female,621
93,Libby Key,paracetamol,female,780
94,Aladdin Strickland,avil,female,209
95,Dustin Fisher,avil,female,989
96,Reagan Vincent,metacin,male,430
97,Lucian Morse,metacin,male,478
98,Kerry Cortez,paracetamol,male,568
99,Amos Shelton,paracetamol,female,247
100,Isadora Fernandez,metacin,male,703